datum,pacient_prvni_zaznam,kum_pacient_prvni_zaznam,pocet_hosp,stav_bez_priznaku,stav_lehky,stav_stredni,stav_tezky,jip,kyslik,hfno,upv,ecmo,tezky_upv_ecmo,umrti,kum_umrti
2020-03-01,0,0,0,0,0,0,0,0,0,0,0,0,0,0,0
2020-03-02,0,0,0,0,0,0,0,0,0,0,0,0,0,0,0
2020-03-03,0,0,0,0,0,0,0,0,0,0,0,0,0,0,0
2020-03-04,0,0,0,0,0,0,0,0,0,0,0,0,0,0,0
2020-03-05,0,0,0,0,0,0,0,0,0,0,0,0,0,0,0
2020-03-06,0,0,0,0,0,0,0,0,0,0,0,0,0,0,0
2020-03-07,0,0,0,0,0,0,0,0,0,0,0,0,0,0,0
2020-03-08,0,0,0,0,0,0,0,0,0,0,0,0,0,0,0
2020-03-09,0,0,0,0,0,0,0,0,0,0,0,0,0,0,0
2020-03-10,0,0,0,0,0,0,0,0,0,0,0,0,0,0,0
2020-03-11,2,2,2,0,2,0,0,0,0,0,0,0,0,0,0
2020-03-12,1,3,3,0,2,1,0,0,0,0,0,0,0,0,0
2020-03-13,2,5,4,0,3,1,0,0,0,0,0,0,0,0,0
2020-03-14,1,6,4,1,3,0,0,0,1,0,0,0,0,0,0
2020-03-15,2,8,6,1,5,0,0,0,1,0,0,0,0,0,0
2020-03-16,14,22,19,3,8,6,2,3,4,0,2,1,2,0,0
2020-03-17,31,53,49,7,24,13,5,7,8,0,4,1,5,0,0
2020-03-18,5,58,50,7,25,12,6,9,10,0,4,1,6,0,0
2020-03-19,8,66,55,8,29,12,6,10,9,0,4,1,6,0,0
2020-03-20,14,80,66,9,32,10,15,16,14,0,8,1,15,0,0
2020-03-21,18,98,79,5,41,19,14,18,23,0,11,1,14,0,0
2020-03-22,22,120,97,6,49,26,16,27,27,0,16,1,18,1,1
2020-03-23,26,146,117,7,54,34,22,31,31,0,19,1,22,0,1
2020-03-24,25,171,135,8,54,47,26,41,43,0,23,1,26,2,3
2020-03-25,47,218,175,8,55,77,35,54,61,0,26,1,36,5,8
2020-03-26,49,267,205,5,72,91,37,51,63,0,30,1,38,0,8
2020-03-27,40,307,237,5,68,117,47,59,84,0,33,1,48,2,10
2020-03-28,45,352,271,10,85,120,56,63,98,0,37,1,57,4,14
2020-03-29,28,380,282,11,103,115,53,61,98,0,37,2,53,5,19
2020-03-30,24,404,294,8,101,119,66,73,107,0,47,3,66,4,23
2020-03-31,44,448,322,8,107,135,72,82,110,0,55,3,72,6,29
2020-04-01,45,493,345,12,121,138,74,88,104,0,59,4,74,7,36
2020-04-02,39,532,351,15,125,135,76,87,102,0,65,2,76,5,41
2020-04-03,41,573,375,24,118,147,86,94,126,0,65,2,86,7,48
2020-04-04,29,602,365,20,104,157,84,90,131,0,62,2,84,8,56
2020-04-05,25,627,371,19,112,158,82,91,138,0,62,2,82,8,64
2020-04-06,38,665,395,24,121,163,87,96,133,0,65,2,88,8,72
2020-04-07,42,707,413,34,117,162,100,102,137,0,64,2,100,8,80
2020-04-08,33,740,423,41,122,166,94,96,137,0,61,3,94,12,92
2020-04-09,36,776,417,47,115,159,96,94,136,0,64,3,96,9,101
2020-04-10,26,802,406,40,114,163,89,90,135,0,62,3,89,6,107
2020-04-11,24,826,406,44,114,161,87,94,124,0,62,3,87,5,112
2020-04-12,16,842,402,39,108,155,100,99,142,0,63,3,100,6,118
2020-04-13,13,855,395,44,107,151,93,93,123,0,61,3,93,10,128
2020-04-14,10,865,385,44,110,148,83,83,111,0,59,5,83,6,134
2020-04-15,20,885,370,42,109,143,76,79,108,0,57,4,77,0,134
2020-04-16,23,908,362,50,91,138,83,87,108,0,57,3,83,2,136
2020-04-17,25,933,355,43,95,137,80,86,109,0,56,3,81,7,143
2020-04-18,15,948,338,42,97,125,74,81,103,0,51,3,75,2,145
2020-04-19,23,971,345,41,97,128,79,84,106,0,52,3,81,7,152
2020-04-20,25,996,348,52,104,116,76,86,89,0,54,3,78,5,157
2020-04-21,40,1036,365,65,110,112,78,82,84,0,48,4,79,5,162
2020-04-22,16,1052,342,73,88,107,74,78,83,0,47,4,75,1,163
2020-04-23,27,1079,335,70,92,95,78,75,82,0,45,4,78,4,167
2020-04-24,20,1099,329,76,81,97,75,73,81,0,47,4,75,5,172
2020-04-25,11,1110,314,73,73,97,71,69,74,0,43,4,71,4,176
2020-04-26,10,1120,309,71,78,88,72,67,71,0,45,4,72,1,177
2020-04-27,14,1134,309,76,74,91,68,68,74,0,45,3,68,1,178
2020-04-28,12,1146,305,73,81,83,68,61,66,0,42,3,68,4,182
2020-04-29,4,1150,286,63,83,78,62,60,65,0,42,2,64,5,187
2020-04-30,19,1169,273,64,76,75,58,52,66,0,39,2,60,6,193
2020-05-01,8,1177,244,48,70,73,53,46,64,0,35,1,55,6,199
2020-05-02,11,1188,233,52,62,70,49,47,58,0,32,1,50,1,200
2020-05-03,6,1194,232,62,62,59,49,45,53,0,31,1,50,1,201
2020-05-04,11,1205,236,67,56,59,54,47,47,0,32,1,55,4,205
2020-05-05,12,1217,223,61,60,56,46,37,43,0,29,1,47,3,208
2020-05-06,4,1221,209,53,58,55,43,35,41,0,28,1,44,2,210
2020-05-07,10,1231,191,48,56,46,41,36,39,0,24,0,41,4,214
2020-05-08,9,1240,185,44,55,43,43,40,41,0,27,0,44,5,219
2020-05-09,6,1246,173,41,52,41,39,34,39,0,25,0,39,3,222
2020-05-10,4,1250,167,35,53,40,39,34,38,0,24,0,39,2,224
2020-05-11,5,1255,167,37,51,37,42,35,38,0,27,0,42,1,225
2020-05-12,5,1260,157,35,47,35,40,32,40,0,25,0,40,2,227
2020-05-13,7,1267,147,30,46,33,38,29,34,0,19,0,39,3,230
2020-05-14,5,1272,128,30,37,27,34,29,26,0,19,0,35,2,232
2020-05-15,3,1275,118,30,35,19,34,29,25,0,18,0,35,2,234
2020-05-16,3,1278,112,27,33,19,33,28,20,0,16,0,34,1,235
2020-05-17,1,1279,110,24,30,22,34,28,24,0,17,0,35,2,237
2020-05-18,9,1288,115,22,37,24,32,29,25,0,18,0,33,3,240
2020-05-19,4,1292,109,23,33,22,31,26,24,0,18,0,32,2,242
2020-05-20,5,1297,101,23,26,21,31,25,23,0,19,0,32,2,244
2020-05-21,7,1304,101,16,35,21,29,23,24,0,17,0,30,2,246
2020-05-22,6,1310,98,19,32,23,24,17,16,0,14,0,25,2,248
2020-05-23,4,1314,93,15,32,24,22,18,16,0,14,0,23,1,249
2020-05-24,5,1319,94,16,32,25,21,19,15,0,14,0,22,1,250
2020-05-25,3,1322,91,15,31,26,19,18,14,0,12,0,20,1,251
2020-05-26,8,1330,92,19,27,31,15,16,15,0,10,0,16,0,251
2020-05-27,4,1334,86,15,27,29,15,16,17,0,10,0,17,0,251
2020-05-28,4,1338,73,12,21,25,15,13,12,0,8,0,15,1,252
2020-05-29,3,1341,71,11,20,25,15,12,14,0,9,0,15,0,252
2020-05-30,8,1349,72,19,18,23,12,12,12,0,7,0,12,0,252
2020-05-31,2,1351,70,20,18,20,12,11,13,0,7,0,12,0,252
2020-06-01,4,1355,73,20,22,18,13,11,12,0,6,0,13,1,253
2020-06-02,5,1360,75,21,23,20,11,9,11,0,6,0,11,1,254
2020-06-03,0,1360,65,18,22,15,10,8,11,0,6,0,10,1,255
2020-06-04,4,1364,60,20,13,18,9,8,9,0,6,0,9,3,258
2020-06-05,9,1373,60,19,19,13,9,6,12,0,5,0,9,0,258
2020-06-06,4,1377,59,17,21,13,8,8,12,0,5,0,9,0,258
2020-06-07,4,1381,61,18,21,12,10,9,12,0,6,0,10,1,259
2020-06-08,1,1382,60,15,22,14,9,9,10,0,5,0,9,0,259
2020-06-09,4,1386,63,13,22,19,9,11,12,0,5,0,9,1,260
2020-06-10,6,1392,66,15,25,15,11,12,13,0,5,0,11,1,261
2020-06-11,4,1396,65,17,20,16,12,10,15,0,4,0,12,1,262
2020-06-12,6,1402,69,16,24,18,11,11,17,0,5,0,11,0,262
2020-06-13,4,1406,67,15,20,20,12,10,17,0,5,0,12,0,262
2020-06-14,5,1411,68,17,21,20,10,11,15,0,5,0,10,1,263
2020-06-15,11,1422,77,24,24,20,9,8,16,0,3,0,9,1,264
2020-06-16,6,1428,78,22,28,20,8,4,14,0,2,0,8,1,265
2020-06-17,7,1435,84,26,28,23,7,6,13,0,3,0,8,1,266
2020-06-18,7,1442,83,27,24,22,10,8,11,0,4,0,10,1,267
2020-06-19,7,1449,82,27,23,24,8,7,9,0,5,0,8,0,267
2020-06-20,6,1455,80,28,21,22,9,7,10,0,5,0,9,0,267
2020-06-21,2,1457,74,21,19,25,9,9,10,0,6,0,9,1,268
2020-06-22,3,1460,75,21,20,25,9,9,9,0,6,0,9,1,269
2020-06-23,6,1466,77,21,19,28,9,6,14,0,4,0,9,0,269
2020-06-24,7,1473,78,16,21,28,13,7,10,0,5,0,13,4,273
2020-06-25,1,1474,67,12,18,25,12,9,14,0,5,0,12,0,273
2020-06-26,5,1479,64,12,15,26,11,8,18,0,4,0,11,1,274
2020-06-27,4,1483,61,10,13,27,11,9,23,0,2,0,11,0,274
2020-06-28,7,1490,66,11,14,28,13,10,24,0,4,0,14,0,274
2020-06-29,5,1495,69,13,13,32,11,10,26,0,4,0,11,0,274
2020-06-30,4,1499,71,15,12,33,11,8,27,0,4,0,11,1,275
2020-07-01,10,1509,75,15,18,32,10,10,28,0,4,0,10,0,275
2020-07-02,4,1513,72,11,22,28,11,10,28,0,3,0,11,1,276
2020-07-03,7,1520,71,13,22,25,11,11,28,0,3,0,11,0,276
2020-07-04,3,1523,70,15,20,22,13,11,29,0,4,0,13,2,278
2020-07-05,9,1532,73,14,24,22,13,13,24,0,6,1,13,2,280
2020-07-06,2,1534,69,11,25,23,10,11,22,0,5,1,10,1,281
2020-07-07,10,1544,77,14,28,24,11,13,24,0,7,1,11,0,281
2020-07-08,10,1554,85,17,29,29,10,14,30,0,6,1,10,0,281
2020-07-09,5,1559,73,10,25,23,15,15,25,0,8,1,15,1,282
2020-07-10,5,1564,69,12,18,24,15,15,27,0,9,1,15,0,282
2020-07-11,3,1567,64,11,18,21,14,13,26,0,10,0,14,0,282
2020-07-12,3,1570,65,8,20,22,15,14,28,0,11,0,15,0,282
2020-07-13,8,1578,71,7,23,22,19,14,32,0,11,1,19,1,283
2020-07-14,2,1580,71,7,25,22,17,13,34,0,11,1,17,1,284
2020-07-15,13,1593,80,13,28,22,17,12,31,0,11,1,17,0,284
2020-07-16,5,1598,76,15,20,20,21,14,34,0,12,2,21,0,284
2020-07-17,6,1604,74,11,22,21,20,13,34,0,11,2,20,2,286
2020-07-18,8,1612,74,14,23,18,19,12,33,0,11,1,19,0,286
2020-07-19,4,1616,74,11,24,20,19,14,34,0,12,2,19,1,287
2020-07-20,3,1619,71,12,25,16,18,14,30,0,11,2,18,0,287
2020-07-21,10,1629,78,16,22,18,22,13,30,0,10,2,22,1,288
2020-07-22,17,1646,92,26,27,18,21,12,30,0,10,2,21,2,290
2020-07-23,10,1656,91,22,25,24,20,14,34,0,10,2,20,1,291
2020-07-24,9,1665,94,22,26,30,16,15,25,0,10,2,16,1,292
2020-07-25,9,1674,92,20,30,27,15,14,25,0,9,1,15,1,293
2020-07-26,5,1679,91,20,31,26,14,14,27,0,9,1,14,0,293
2020-07-27,22,1701,109,29,37,26,17,16,30,0,11,1,17,1,294
2020-07-28,11,1712,114,30,36,31,17,16,30,0,12,1,18,0,294
2020-07-29,15,1727,116,27,36,35,18,18,33,0,13,1,19,0,294
2020-07-30,12,1739,117,22,35,40,20,18,35,0,14,1,20,2,296
2020-07-31,12,1751,114,25,30,40,19,17,32,0,11,1,19,2,298
2020-08-01,8,1759,116,26,35,36,19,15,30,0,10,1,19,1,299
2020-08-02,3,1762,109,23,34,34,18,15,27,0,12,1,19,1,300
2020-08-03,10,1772,113,25,33,39,16,14,35,0,10,1,16,2,302
2020-08-04,14,1786,115,20,45,37,13,14,35,0,9,1,13,0,302
2020-08-05,9,1795,110,20,45,30,15,15,24,0,8,1,15,1,303
2020-08-06,4,1799,105,19,44,28,14,15,22,0,10,1,14,1,304
2020-08-07,14,1813,106,16,45,29,16,17,22,0,10,1,16,0,304
2020-08-08,9,1822,104,17,41,30,16,12,21,0,8,1,16,0,304
2020-08-09,13,1835,107,15,48,27,17,20,27,0,11,1,17,0,304
2020-08-10,12,1847,113,21,42,27,23,22,29,0,14,1,23,0,304
2020-08-11,8,1855,110,17,39,31,23,21,31,0,14,1,23,2,306
2020-08-12,13,1868,101,9,36,34,22,22,29,0,15,1,22,0,306
2020-08-13,13,1881,106,10,35,38,23,23,30,0,16,1,23,1,307
2020-08-14,19,1900,113,7,45,37,24,22,33,0,16,1,24,2,309
2020-08-15,12,1912,103,6,43,28,26,21,34,0,15,1,26,1,310
2020-08-16,11,1923,101,6,40,31,24,21,32,0,17,1,25,2,312
2020-08-17,16,1939,113,10,50,27,26,22,24,0,18,1,27,3,315
2020-08-18,6,1945,103,8,43,27,25,25,27,0,18,1,26,0,315
2020-08-19,14,1959,108,7,46,31,24,27,26,0,20,1,25,3,318
2020-08-20,22,1981,116,8,49,35,24,26,33,0,20,1,24,3,321
2020-08-21,22,2003,119,11,46,38,24,24,34,0,18,1,24,2,323
2020-08-22,14,2017,124,8,54,36,26,26,36,0,19,1,26,0,323
2020-08-23,10,2027,128,10,53,41,24,29,46,0,19,1,24,2,325
2020-08-24,9,2036,129,10,48,39,32,33,47,0,21,1,32,1,326
2020-08-25,16,2052,131,13,53,33,32,29,41,0,19,1,32,2,328
2020-08-26,15,2067,136,9,62,33,32,31,41,0,20,0,33,1,329
2020-08-27,21,2088,147,12,52,51,32,34,49,0,22,0,33,0,329
2020-08-28,23,2111,156,9,53,57,37,37,62,0,22,0,37,0,329
2020-08-29,15,2126,155,11,50,58,36,37,58,0,25,0,36,3,332
2020-08-30,15,2141,154,7,57,54,36,39,58,0,25,0,36,1,333
2020-08-31,22,2163,171,8,67,60,36,40,57,0,26,0,36,1,334
2020-09-01,20,2183,178,10,70,57,41,45,60,0,27,0,41,1,335
2020-09-02,19,2202,180,15,66,57,42,49,53,0,29,0,42,0,335
2020-09-03,36,2238,195,20,74,57,44,46,55,0,32,0,44,4,339
2020-09-04,34,2272,207,16,82,60,49,51,56,0,34,1,50,2,341
2020-09-05,33,2305,209,12,78,67,52,49,67,0,34,0,52,4,345
2020-09-06,20,2325,220,12,81,71,56,52,74,0,36,0,56,3,348
2020-09-07,45,2370,256,16,97,78,65,53,85,0,40,0,66,1,349
2020-09-08,27,2397,253,20,84,92,57,50,86,0,37,1,57,4,353
2020-09-09,47,2444,266,18,85,102,61,55,102,0,40,1,62,3,356
2020-09-10,35,2479,272,15,86,104,67,58,103,0,42,1,67,3,359
2020-09-11,57,2536,310,14,114,116,66,62,123,0,44,1,67,3,362
2020-09-12,31,2567,283,14,96,110,63,57,118,0,42,1,64,4,366
2020-09-13,46,2613,305,12,108,120,65,63,131,0,45,1,66,3,369
2020-09-14,52,2665,339,20,124,120,75,70,135,0,42,1,75,4,373
2020-09-15,78,2743,369,21,152,122,74,70,145,0,42,1,74,6,379
2020-09-16,73,2816,399,24,161,134,80,74,166,0,43,2,80,7,386
2020-09-17,135,2951,495,32,205,167,91,81,193,0,50,4,91,5,391
2020-09-18,86,3037,525,41,195,193,96,98,206,0,58,4,97,11,402
2020-09-19,74,3111,508,30,188,197,93,112,221,0,57,3,94,6,408
2020-09-20,59,3170,532,23,200,203,106,122,233,0,59,3,107,5,413
2020-09-21,105,3275,613,32,237,231,113,144,268,0,71,3,114,14,427
2020-09-22,105,3380,637,42,238,237,120,137,270,0,75,2,123,10,437
2020-09-23,138,3518,710,52,258,265,135,147,307,0,80,2,139,19,456
2020-09-24,143,3661,768,52,270,291,155,157,347,0,93,4,157,9,465
2020-09-25,135,3796,825,48,296,317,164,158,382,0,96,3,167,8,473
2020-09-26,106,3902,797,33,254,326,184,163,401,0,98,3,187,14,487
2020-09-27,117,4019,823,33,268,334,188,178,412,0,107,3,193,15,502
2020-09-28,100,4119,845,34,290,324,197,191,443,0,101,2,198,9,511
2020-09-29,188,4307,998,64,350,380,204,197,469,0,109,1,206,18,529
2020-09-30,193,4500,1062,78,365,423,196,196,500,0,111,2,197,10,539
2020-10-01,200,4700,1164,70,413,449,232,219,535,0,126,3,233,19,558
2020-10-02,211,4911,1239,64,439,492,244,225,569,0,127,3,245,18,576
2020-10-03,148,5059,1208,44,418,483,263,254,599,0,127,2,264,11,587
2020-10-04,165,5224,1280,50,421,544,265,268,625,1,130,2,266,25,612
2020-10-05,296,5520,1487,90,470,613,314,282,691,2,146,3,321,24,636
2020-10-06,296,5816,1633,117,525,660,331,316,735,2,156,4,336,29,665
2020-10-07,330,6146,1785,162,539,720,364,346,817,11,173,4,369,42,707
2020-10-08,358,6504,1956,185,606,761,404,358,897,24,175,4,407,22,729
2020-10-09,362,6866,2148,207,631,897,413,389,964,56,192,5,419,53,782
2020-10-10,277,7143,2167,216,592,922,437,420,1023,63,206,4,442,41,823
2020-10-11,254,7397,2219,201,631,977,410,411,1092,60,193,3,414,35,858
2020-10-12,499,7896,2578,274,804,1032,468,435,1177,66,217,2,475,58,916
2020-10-13,454,8350,2691,312,821,1063,495,452,1195,72,234,4,501,47,963
2020-10-14,534,8884,2989,327,929,1212,521,478,1322,73,245,5,523,54,1017
2020-10-15,501,9385,3206,346,914,1406,540,514,1501,79,269,7,543,48,1065
2020-10-16,582,9967,3451,355,1036,1487,573,555,1604,85,290,9,578,63,1128
2020-10-17,503,10470,3552,321,1073,1603,555,573,1672,88,302,10,559,71,1199
2020-10-18,483,10953,3713,274,1188,1689,562,598,1775,94,312,12,566,59,1258
2020-10-19,697,11650,4154,340,1345,1856,613,622,1897,89,329,14,619,93,1351
2020-10-20,748,12398,4450,376,1443,1991,640,642,2035,104,344,14,642,88,1439
2020-10-21,923,13321,4868,452,1600,2114,702,704,2185,119,362,14,709,113,1552
2020-10-22,840,14161,5106,498,1669,2220,719,751,2325,120,382,13,729,104,1656
2020-10-23,912,15073,5454,582,1791,2336,745,762,2387,125,379,16,752,114,1770
2020-10-24,701,15774,5370,526,1692,2391,761,760,2502,147,377,12,770,119,1889
2020-10-25,714,16488,5680,569,1795,2506,810,802,2638,145,387,6,814,125,2014
2020-10-26,1086,17574,6196,618,1972,2728,878,884,2844,152,433,5,883,142,2156
2020-10-27,1026,18600,6531,707,2053,2835,936,876,2978,153,457,5,941,162,2318
2020-10-28,823,19423,6572,686,1997,2885,1004,888,3039,178,468,6,1013,145,2463
2020-10-29,1027,20450,7272,865,2276,3095,1036,995,3255,190,523,8,1048,176,2639
2020-10-30,1175,21625,7655,880,2487,3207,1081,1030,3306,192,535,7,1093,195,2834
2020-10-31,694,22319,7329,822,2286,3106,1115,1069,3367,204,561,7,1124,165,2999
2020-11-01,622,22941,7458,809,2270,3238,1141,1118,3451,208,577,7,1143,187,3186
2020-11-02,1050,23991,8034,930,2585,3331,1188,1154,3568,224,605,7,1194,193,3379
2020-11-03,1035,25026,8133,926,2641,3359,1207,1180,3592,226,627,9,1213,232,3611
2020-11-04,967,25993,8210,967,2738,3359,1146,1166,3568,226,605,8,1153,197,3808
2020-11-05,859,26852,8221,959,2781,3329,1152,1176,3495,236,596,9,1158,170,3978
2020-11-06,904,27756,8137,912,2786,3272,1167,1212,3436,275,603,12,1172,180,4158
2020-11-07,542,28298,7505,797,2432,3153,1123,1157,3361,271,584,12,1127,179,4337
2020-11-08,502,28800,7483,755,2394,3205,1129,1167,3365,282,583,13,1134,171,4508
2020-11-09,847,29647,7779,889,2604,3156,1130,1181,3303,283,609,19,1139,152,4660
2020-11-10,838,30485,7593,907,2514,3088,1084,1169,3206,300,604,19,1090,191,4851
2020-11-11,716,31201,7362,918,2433,2973,1038,1110,2973,292,582,18,1049,162,5013
2020-11-12,686,31887,7201,942,2326,2869,1064,1105,2896,321,557,17,1078,152,5165
2020-11-13,793,32680,7117,950,2335,2786,1046,1101,2755,330,545,16,1060,158,5323
2020-11-14,443,33123,6573,836,2095,2617,1025,1068,2634,332,526,15,1036,161,5484
2020-11-15,355,33478,6420,788,2058,2562,1012,1045,2560,315,517,15,1020,130,5614
2020-11-16,676,34154,6654,891,2250,2550,963,1040,2566,291,503,15,972,142,5756
2020-11-17,423,34577,6186,788,2022,2478,898,996,2489,285,470,14,911,114,5870
2020-11-18,688,35265,6566,936,2277,2462,891,1007,2449,285,473,16,903,135,6005
2020-11-19,564,35829,6326,837,2227,2376,886,974,2370,284,465,18,895,112,6117
2020-11-20,502,36331,6083,831,2114,2311,827,960,2272,279,445,20,835,101,6218
2020-11-21,327,36658,5425,672,1736,2197,820,944,2152,279,449,23,828,118,6336
2020-11-22,274,36932,5371,638,1758,2161,814,958,2135,275,446,23,823,100,6436
2020-11-23,555,37487,5724,833,1908,2159,824,950,2163,274,437,21,831,112,6548
2020-11-24,594,38081,5550,815,1856,2084,795,881,2102,278,407,22,804,110,6658
2020-11-25,477,38558,5327,768,1770,2038,751,856,2026,266,390,19,762,105,6763
2020-11-26,450,39008,5172,753,1735,1936,748,843,1934,260,395,18,757,114,6877
2020-11-27,414,39422,4960,742,1645,1863,710,800,1811,240,369,17,716,119,6996
2020-11-28,269,39691,4478,566,1436,1819,657,780,1506,232,359,12,661,98,7094
2020-11-29,289,39980,4544,617,1440,1844,643,765,1546,238,342,12,646,78,7172
2020-11-30,507,40487,4837,695,1629,1842,671,791,1540,240,350,11,673,110,7282
2020-12-01,450,40937,4661,672,1560,1833,596,733,1530,219,322,10,599,95,7377
2020-12-02,445,41382,4557,659,1546,1756,596,717,1470,227,309,11,599,99,7476
2020-12-03,499,41881,4534,606,1543,1798,587,718,1464,237,295,11,590,90,7566
2020-12-04,498,42379,4473,665,1448,1778,582,715,1495,227,294,11,586,80,7646
2020-12-05,280,42659,4107,559,1245,1734,569,692,1481,212,301,11,571,104,7750
2020-12-06,301,42960,4155,543,1293,1758,561,680,1507,219,298,12,564,80,7830
2020-12-07,516,43476,4507,648,1451,1842,566,713,1556,226,292,11,569,85,7915
2020-12-08,468,43944,4403,630,1391,1824,558,701,1527,223,289,8,561,80,7995
2020-12-09,546,44490,4458,602,1454,1862,540,686,1570,217,280,10,543,73,8068
2020-12-10,499,44989,4558,605,1530,1861,562,711,1590,215,299,7,565,99,8167
2020-12-11,454,45443,4532,597,1516,1839,580,700,1562,214,311,8,581,99,8266
2020-12-12,372,45815,4312,514,1371,1862,565,695,1603,227,306,5,569,86,8352
2020-12-13,340,46155,4411,503,1409,1921,578,709,1641,221,304,6,581,97,8449
2020-12-14,546,46701,4772,680,1521,1964,607,727,1681,246,314,8,610,113,8562
2020-12-15,573,47274,4745,660,1483,2006,596,724,1705,234,310,8,598,99,8661
2020-12-16,489,47763,4713,638,1464,2009,602,734,1690,241,312,8,603,101,8762
2020-12-17,528,48291,4778,702,1507,1970,599,724,1652,251,303,8,600,96,8858
2020-12-18,528,48819,4781,690,1519,1971,601,728,1653,254,313,8,602,93,8951
2020-12-19,334,49153,4482,583,1381,1919,599,745,1645,266,308,9,600,102,9053
2020-12-20,375,49528,4578,550,1438,1974,616,754,1680,272,303,10,617,86,9139
2020-12-21,557,50085,4958,688,1641,2000,629,764,1680,275,308,9,630,90,9229
2020-12-22,634,50719,4935,613,1631,2053,638,769,1715,271,321,7,639,92,9321
2020-12-23,641,51360,4971,625,1576,2101,669,779,1737,277,334,9,671,104,9425
2020-12-24,370,51730,4309,449,1284,1930,646,748,1647,279,321,9,647,99,9524
2020-12-25,471,52201,4386,446,1275,2006,659,769,1751,282,332,8,659,88,9612
2020-12-26,528,52729,4651,436,1378,2135,702,806,1864,300,351,10,702,116,9728
2020-12-27,560,53289,4965,457,1481,2294,733,846,1990,307,369,12,733,100,9828
2020-12-28,873,54162,5725,580,1700,2660,785,906,2299,330,391,14,786,120,9948
2020-12-29,931,55093,5975,587,1796,2743,849,941,2359,371,412,15,850,123,10071
2020-12-30,810,55903,6141,574,1832,2870,865,956,2482,369,426,18,866,140,10211
2020-12-31,769,56672,6160,563,1816,2899,882,974,2501,384,435,18,883,115,10326
2021-01-01,580,57252,5666,436,1500,2835,895,951,2500,403,435,15,896,143,10469
2021-01-02,691,57943,5970,428,1622,3019,901,962,2685,394,456,16,902,134,10603
2021-01-03,652,58595,6283,448,1737,3159,939,1008,2801,402,475,18,940,125,10728
2021-01-04,998,59593,7220,631,2112,3477,1000,1093,3024,426,512,20,1000,133,10861
2021-01-05,1010,60603,7406,660,2207,3490,1049,1114,3052,454,535,19,1049,158,11019
2021-01-06,908,61511,7397,575,2201,3531,1090,1153,3085,474,555,20,1091,144,11163
2021-01-07,925,62436,7551,642,2205,3575,1129,1150,3079,488,564,22,1130,173,11336
2021-01-08,806,63242,7342,641,2168,3406,1127,1142,2939,535,534,21,1128,181,11517
2021-01-09,586,63828,6765,492,1827,3351,1095,1149,2971,517,530,20,1095,151,11668
2021-01-10,545,64373,6872,491,1902,3357,1122,1176,2981,522,549,20,1122,160,11828
2021-01-11,858,65231,7419,689,2123,3436,1171,1189,2984,544,566,20,1171,150,11978
2021-01-12,856,66087,7473,719,2067,3529,1158,1177,3055,519,565,17,1158,160,12138
2021-01-13,695,66782,7303,682,2081,3393,1147,1173,2971,512,570,13,1148,153,12291
2021-01-14,663,67445,7225,698,2010,3366,1151,1184,2928,495,588,14,1151,169,12460
2021-01-15,717,68162,7143,734,1980,3279,1150,1175,2875,487,600,15,1150,157,12617
2021-01-16,451,68613,6520,580,1684,3114,1142,1166,2758,494,590,16,1142,134,12751
2021-01-17,406,69019,6495,588,1715,3066,1126,1137,2745,486,596,14,1126,139,12890
2021-01-18,702,69721,6959,764,1957,3107,1131,1161,2702,485,593,15,1131,144,13034
2021-01-19,703,70424,6689,707,1893,2983,1106,1142,2638,483,583,15,1107,138,13172
2021-01-20,678,71102,6523,617,1826,2982,1098,1117,2596,490,564,16,1098,139,13311
2021-01-21,580,71682,6395,625,1746,2952,1072,1110,2590,485,557,19,1073,137,13448
2021-01-22,610,72292,6380,603,1754,2926,1097,1112,2559,488,540,17,1097,124,13572
2021-01-23,453,72745,5866,452,1519,2823,1072,1092,2524,482,535,19,1072,128,13700
2021-01-24,382,73127,5901,439,1551,2848,1063,1058,2524,463,538,18,1063,129,13829
2021-01-25,660,73787,6324,601,1813,2870,1040,1081,2545,466,540,17,1040,125,13954
2021-01-26,644,74431,6294,571,1767,2914,1042,1046,2528,444,548,15,1042,134,14088
2021-01-27,586,75017,6145,572,1739,2826,1008,1038,2421,424,549,17,1008,145,14233
2021-01-28,558,75575,6026,565,1705,2752,1004,1017,2363,423,543,16,1004,119,14352
2021-01-29,616,76191,5963,567,1704,2713,979,1019,2344,425,515,16,979,145,14497
2021-01-30,425,76616,5503,421,1420,2702,960,1021,2379,392,521,16,960,106,14603
2021-01-31,386,77002,5548,416,1453,2710,969,1039,2375,400,528,17,969,105,14708
2021-02-01,741,77743,6087,549,1686,2830,1022,1077,2459,427,545,19,1022,116,14824
2021-02-02,637,78380,5975,485,1692,2766,1032,1089,2395,457,530,17,1032,124,14948
2021-02-03,617,78997,5942,480,1667,2780,1015,1075,2416,452,529,16,1015,124,15072
2021-02-04,642,79639,5979,492,1669,2788,1030,1101,2398,448,546,17,1030,117,15189
2021-02-05,591,80230,5965,500,1681,2741,1043,1087,2371,462,540,17,1043,110,15299
2021-02-06,476,80706,5630,403,1491,2693,1043,1070,2350,461,526,17,1043,119,15418
2021-02-07,434,81140,5771,444,1516,2758,1053,1098,2413,455,545,14,1053,113,15531
2021-02-08,689,81829,6211,563,1719,2840,1089,1107,2473,481,539,15,1089,124,15655
2021-02-09,657,82486,6137,577,1615,2853,1092,1093,2494,509,526,12,1092,119,15774
2021-02-10,637,83123,6063,539,1663,2767,1094,1110,2425,515,524,13,1094,119,15893
2021-02-11,632,83755,6040,537,1597,2797,1109,1116,2459,515,546,16,1109,119,16012
2021-02-12,615,84370,5971,531,1581,2756,1103,1113,2408,501,558,15,1103,130,16142
2021-02-13,477,84847,5660,386,1354,2818,1102,1106,2476,517,562,16,1102,100,16242
2021-02-14,537,85384,5871,383,1388,2954,1146,1146,2593,541,580,14,1146,127,16369
2021-02-15,726,86110,6362,499,1618,3050,1195,1170,2627,592,570,16,1195,109,16478
2021-02-16,764,86874,6399,511,1603,3055,1230,1214,2662,594,595,17,1230,135,16613
2021-02-17,800,87674,6479,454,1619,3131,1275,1241,2725,619,608,17,1275,120,16733
2021-02-18,732,88406,6584,430,1680,3185,1289,1266,2766,620,617,18,1289,160,16893
2021-02-19,780,89186,6588,432,1725,3132,1299,1268,2687,624,635,16,1299,165,17058
2021-02-20,561,89747,6185,347,1458,3087,1293,1266,2697,600,655,16,1293,155,17213
2021-02-21,595,90342,6388,385,1481,3211,1311,1281,2816,614,663,17,1311,133,17346
2021-02-22,921,91263,7079,488,1746,3450,1395,1360,3010,678,680,21,1395,146,17492
2021-02-23,853,92116,7114,469,1752,3460,1433,1388,3028,716,693,24,1433,135,17627
2021-02-24,846,92962,7204,438,1816,3486,1464,1407,3038,735,680,25,1464,132,17759
2021-02-25,921,93883,7427,430,1875,3564,1558,1462,3049,780,728,27,1558,162,17921
2021-02-26,908,94791,7534,457,1904,3641,1532,1438,3134,758,721,26,1532,181,18102
2021-02-27,716,95507,7223,353,1570,3753,1547,1467,3240,774,716,24,1547,167,18269
2021-02-28,650,96157,7489,358,1656,3895,1580,1504,3378,780,742,17,1581,164,18433
2021-03-01,1156,97313,8300,487,2012,4137,1664,1584,3584,827,781,19,1665,187,18620
2021-03-02,1050,98363,8485,506,2046,4214,1719,1595,3632,853,799,17,1719,182,18802
2021-03-03,866,99229,8433,500,2026,4165,1742,1624,3607,864,806,17,1742,185,18987
2021-03-04,924,100153,8438,494,1911,4257,1776,1652,3689,871,828,20,1776,201,19188
2021-03-05,906,101059,8503,493,1945,4294,1771,1670,3719,864,842,22,1771,172,19360
2021-03-06,747,101806,8155,377,1664,4345,1769,1674,3801,864,853,23,1769,188,19548
2021-03-07,713,102519,8380,354,1790,4417,1819,1679,3889,891,873,24,1819,179,19727
2021-03-08,1044,103563,9053,503,2135,4514,1901,1774,3939,917,922,32,1901,214,19941
2021-03-09,980,104543,9015,470,2061,4552,1932,1801,3953,968,911,27,1932,210,20151
2021-03-10,1031,105574,9036,457,2057,4543,1979,1829,3966,1002,918,32,1979,209,20360
2021-03-11,932,106506,9000,456,2047,4507,1990,1818,3935,1013,918,35,1990,212,20572
2021-03-12,973,107479,8968,463,2096,4414,1995,1829,3870,1006,928,32,1995,199,20771
2021-03-13,745,108224,8572,362,1763,4476,1971,1779,3983,1001,912,33,1971,160,20931
2021-03-14,655,108879,8785,375,1825,4559,2026,1825,4049,1028,938,31,2026,211,21142
2021-03-15,1035,109914,9509,528,2174,4758,2049,1883,4194,1052,943,30,2049,215,21357
2021-03-16,924,110838,9373,482,2152,4677,2062,1892,4108,1047,929,36,2062,202,21559
2021-03-17,875,111713,9198,493,2075,4595,2035,1857,4026,1054,925,35,2035,176,21735
2021-03-18,811,112524,8994,452,2055,4472,2015,1857,3999,1027,951,33,2015,198,21933
2021-03-19,808,113332,8800,460,2009,4338,1993,1817,3795,1009,945,34,1994,156,22089
2021-03-20,562,113894,8234,357,1722,4189,1966,1778,3722,994,938,28,1966,160,22249
2021-03-21,564,114458,8341,335,1777,4268,1961,1802,3799,984,933,29,1961,174,22423
2021-03-22,936,115394,8987,502,2140,4362,1983,1822,3815,959,973,27,1983,194,22617
2021-03-23,765,116159,8641,475,2042,4215,1909,1772,3681,916,931,25,1909,179,22796
2021-03-24,745,116904,8319,408,1985,4043,1883,1739,3535,900,922,21,1883,169,22965
2021-03-25,729,117633,8156,403,1922,3960,1871,1739,3468,927,909,25,1871,144,23109
2021-03-26,710,118343,8029,426,1947,3824,1832,1674,3329,871,909,28,1833,137,23246
2021-03-27,564,118907,7508,320,1577,3810,1801,1639,3355,878,875,28,1801,165,23411
2021-03-28,495,119402,7558,296,1660,3842,1760,1651,3384,875,860,26,1761,107,23518
2021-03-29,791,120193,8102,458,2016,3859,1769,1661,3356,870,862,28,1769,165,23683
2021-03-30,658,120851,7823,426,1893,3783,1721,1610,3279,855,836,28,1721,157,23840
2021-03-31,655,121506,7504,446,1817,3628,1613,1549,3145,774,809,25,1613,145,23985
2021-04-01,619,122125,7194,428,1776,3438,1552,1500,2995,741,784,24,1552,138,24123
2021-04-02,507,122632,6368,322,1426,3183,1437,1418,2809,667,758,28,1439,97,24220
2021-04-03,475,123107,6213,270,1395,3126,1422,1394,2765,677,720,28,1424,112,24332
2021-04-04,444,123551,6308,256,1479,3171,1402,1374,2825,662,710,31,1404,123,24455
2021-04-05,367,123918,6375,264,1526,3207,1378,1341,2838,653,704,29,1381,108,24563
2021-04-06,640,124558,7048,412,1761,3456,1419,1388,3037,664,725,26,1425,103,24666
2021-04-07,518,125076,6692,375,1626,3309,1382,1355,2861,633,699,23,1386,114,24780
2021-04-08,433,125509,6220,346,1482,3086,1306,1310,2685,604,667,23,1309,113,24893
2021-04-09,482,125991,5909,348,1498,2831,1232,1231,2415,569,624,24,1234,102,24995
2021-04-10,304,126295,5271,237,1186,2657,1191,1211,2319,556,600,22,1194,96,25091
2021-04-11,283,126578,5226,250,1168,2655,1153,1192,2334,517,599,20,1155,78,25169
2021-04-12,416,126994,5522,342,1379,2655,1146,1180,2330,515,592,21,1149,76,25245
2021-04-13,375,127369,5209,329,1274,2528,1078,1151,2235,479,568,18,1081,80,25325
2021-04-14,390,127759,4909,301,1165,2400,1043,1107,2103,480,535,17,1045,84,25409
2021-04-15,351,128110,4650,309,1153,2207,981,1030,1924,436,518,18,984,78,25487
2021-04-16,343,128453,4407,321,1102,2045,939,1008,1778,413,513,18,942,58,25545
2021-04-17,263,128716,4011,194,925,1984,908,970,1747,406,485,18,911,62,25607
2021-04-18,234,128950,4022,183,962,1989,888,972,1753,387,491,19,891,69,25676
2021-04-19,354,129304,4294,243,1090,2062,899,991,1808,394,488,22,903,68,25744
2021-04-20,330,129634,4129,270,1039,1963,857,940,1706,376,471,18,861,54,25798
2021-04-21,337,129971,3972,256,1004,1857,855,906,1610,375,460,20,858,59,25857
2021-04-22,261,130232,3739,262,893,1788,796,836,1522,352,419,21,800,51,25908
2021-04-23,253,130485,3523,218,893,1656,756,789,1420,334,404,19,758,48,25956
2021-04-24,166,130651,3174,160,745,1541,728,752,1352,327,377,17,730,49,26005
2021-04-25,169,130820,3168,164,755,1533,716,760,1348,326,371,15,718,51,26056
2021-04-26,263,131083,3318,233,895,1501,689,737,1293,313,360,14,690,54,26110
2021-04-27,250,131333,3148,212,814,1462,660,712,1270,280,360,17,662,45,26155
2021-04-28,231,131564,2999,206,769,1419,605,685,1229,259,333,19,607,61,26216
2021-04-29,243,131807,2829,186,710,1374,559,636,1171,237,302,19,560,39,26255
2021-04-30,205,132012,2673,169,693,1302,509,576,1124,214,277,18,510,43,26298
2021-05-01,158,132170,2459,127,579,1264,489,550,1128,217,261,17,489,30,26328
2021-05-02,147,132317,2484,133,604,1265,482,555,1121,206,266,18,482,32,26360
2021-05-03,255,132572,2676,193,700,1297,486,560,1116,212,262,14,486,32,26392
2021-05-04,172,132744,2524,167,651,1228,478,540,1050,212,249,15,479,43,26435
2021-05-05,182,132926,2350,145,604,1174,427,498,991,182,231,16,428,32,26467
2021-05-06,171,133097,2219,152,579,1094,394,462,920,173,217,17,395,36,26503
2021-05-07,176,133273,2125,167,573,1006,379,437,854,172,198,13,380,25,26528
2021-05-08,92,133365,1883,118,446,955,364,410,811,169,183,12,365,29,26557
2021-05-09,102,133467,1864,115,432,950,367,414,813,168,180,11,368,30,26587
2021-05-10,176,133643,1983,153,556,912,362,421,775,165,183,11,363,28,26615
2021-05-11,139,133782,1829,135,494,856,344,399,727,166,163,10,346,28,26643
2021-05-12,138,133920,1720,152,461,782,325,376,655,161,154,9,327,30,26673
2021-05-13,121,134041,1621,122,444,741,314,365,634,149,152,8,316,19,26692
2021-05-14,105,134146,1530,112,413,719,286,338,613,139,137,8,287,16,26708
2021-05-15,65,134211,1328,84,346,640,258,304,551,125,120,8,258,14,26722
2021-05-16,65,134276,1314,76,351,636,251,300,548,121,120,7,251,12,26734
2021-05-17,103,134379,1394,91,430,640,233,292,522,108,111,6,233,18,26752
2021-05-18,80,134459,1257,84,377,577,219,275,471,102,106,6,219,13,26765
2021-05-19,69,134528,1148,77,335,527,209,246,432,102,99,6,209,16,26781
2021-05-20,68,134596,1059,86,306,485,182,216,402,86,91,5,182,15,26796
2021-05-21,77,134673,1010,84,293,461,172,190,392,88,75,4,173,12,26808
2021-05-22,35,134708,866,52,224,427,163,186,372,84,70,3,164,9,26817
2021-05-23,29,134737,847,60,213,419,155,184,358,81,67,3,156,11,26828
2021-05-24,57,134794,878,78,257,389,154,180,316,79,65,4,155,6,26834
2021-05-25,59,134853,786,74,195,385,132,159,313,64,61,4,133,8,26842
2021-05-26,61,134914,761,75,208,353,125,152,294,55,63,3,126,10,26852
2021-05-27,38,134952,668,58,177,315,118,143,267,55,59,3,120,14,26866
2021-05-28,40,134992,612,52,180,283,97,124,242,42,53,3,99,5,26871
2021-05-29,19,135011,513,37,142,238,96,111,204,46,42,4,98,5,26876
2021-05-30,27,135038,511,43,151,227,90,111,198,44,42,4,93,4,26880
2021-05-31,41,135079,549,63,175,214,97,116,182,45,45,4,100,7,26887
2021-06-01,28,135107,474,50,147,195,82,97,158,32,43,3,84,5,26892
2021-06-02,38,135145,439,40,149,174,76,90,140,32,40,3,79,4,26896
2021-06-03,20,135165,390,42,128,149,71,84,120,32,36,3,73,2,26898
2021-06-04,28,135193,363,40,125,138,60,70,112,25,30,2,62,6,26904
2021-06-05,15,135208,298,25,99,124,50,58,104,23,22,1,51,1,26905
2021-06-06,12,135220,298,24,103,121,50,59,103,22,20,1,51,4,26909
2021-06-07,14,135234,298,30,108,116,44,57,97,21,19,1,45,3,26912
2021-06-08,23,135257,282,30,86,124,42,58,106,19,19,2,43,5,26917
2021-06-09,15,135272,254,22,80,114,38,55,92,18,17,3,39,2,26919
2021-06-10,18,135290,232,24,76,97,35,52,78,16,15,2,36,5,26924
2021-06-11,10,135300,183,20,66,76,21,37,60,9,9,0,21,1,26925
2021-06-12,8,135308,158,14,51,69,24,36,52,10,10,0,24,2,26927
2021-06-13,5,135313,152,13,52,64,23,34,51,10,11,0,23,2,26929
2021-06-14,9,135322,168,19,58,65,26,36,54,11,11,1,26,0,26929
2021-06-15,9,135331,141,21,41,60,19,26,46,8,9,1,19,3,26932
2021-06-16,6,135337,120,20,33,52,15,24,41,4,9,1,15,1,26933
2021-06-17,24,135361,119,24,25,53,17,23,40,5,9,1,17,4,26937
2021-06-18,8,135369,111,26,26,41,18,21,30,6,11,0,18,3,26940
2021-06-19,10,135379,86,13,24,36,13,18,28,4,9,0,14,0,26940
2021-06-20,2,135381,84,13,24,35,12,20,29,3,9,0,13,1,26941
2021-06-21,8,135389,90,18,26,33,13,18,30,3,10,0,14,0,26941
2021-06-22,7,135396,87,18,24,31,14,17,26,4,9,0,15,2,26943
2021-06-23,7,135403,83,18,19,35,11,14,26,4,7,0,12,0,26943
2021-06-24,4,135407,81,20,21,27,13,16,21,4,8,1,14,2,26945
2021-06-25,6,135413,67,19,22,16,10,16,9,4,7,0,11,1,26946
2021-06-26,2,135415,56,16,16,14,10,13,9,4,7,0,11,2,26948
2021-06-27,2,135417,57,16,17,16,8,12,11,2,7,0,9,0,26948
2021-06-28,7,135424,63,17,21,16,9,14,10,2,8,0,10,0,26948
2021-06-29,2,135426,58,15,19,13,11,15,11,4,6,0,11,0,26948
2021-06-30,10,135436,58,15,20,13,10,13,8,4,5,0,10,1,26949
2021-07-01,4,135440,49,11,13,17,8,14,11,4,4,0,8,1,26950
2021-07-02,2,135442,39,13,7,13,6,7,10,2,3,0,6,1,26951
2021-07-03,2,135444,28,7,4,12,5,6,9,2,3,0,5,0,26951
2021-07-04,3,135447,31,7,8,12,4,7,9,2,2,0,4,2,26953
2021-07-05,2,135449,33,6,9,14,4,11,10,3,1,0,4,0,26953
2021-07-06,0,135449,32,6,10,12,4,11,6,3,1,0,4,0,26953
2021-07-07,8,135457,42,10,9,20,3,12,12,2,1,0,3,1,26954
2021-07-08,4,135461,39,8,11,16,4,11,7,2,2,0,4,0,26954
2021-07-09,5,135466,35,6,11,14,4,8,10,2,2,0,4,0,26954
2021-07-10,3,135469,25,4,6,12,3,7,10,1,2,0,3,0,26954
2021-07-11,5,135474,25,2,6,15,2,8,12,0,2,0,2,0,26954
2021-07-12,8,135482,34,2,10,19,3,9,16,1,2,0,3,0,26954
2021-07-13,0,135482,32,4,10,15,3,8,14,1,2,0,3,0,26954
2021-07-14,5,135487,29,5,5,14,5,9,13,2,3,0,5,0,26954
2021-07-15,6,135493,30,3,3,18,6,9,16,3,3,0,6,0,26954
2021-07-16,6,135499,32,2,5,18,7,10,13,3,3,0,7,2,26956
2021-07-17,4,135503,30,4,5,15,6,9,11,4,2,0,6,0,26956
2021-07-18,2,135505,32,4,7,14,7,10,9,4,3,0,7,1,26957
2021-07-19,10,135515,44,8,9,21,6,10,15,3,3,0,6,2,26959
2021-07-20,5,135520,41,5,12,18,6,5,12,3,2,0,6,0,26959
2021-07-21,6,135526,41,5,12,19,5,8,15,3,1,0,5,1,26960
2021-07-22,6,135532,41,4,11,20,6,12,13,2,2,0,6,0,26960
2021-07-23,5,135537,40,5,13,17,5,11,13,2,2,0,6,0,26960
2021-07-24,6,135543,38,5,7,22,4,8,18,3,2,0,5,0,26960
2021-07-25,8,135551,45,6,12,23,4,9,20,2,3,0,5,0,26960
2021-07-26,14,135565,57,10,16,25,6,9,20,3,3,0,7,0,26960
2021-07-27,3,135568,52,8,12,25,7,10,22,3,5,0,8,0,26960
2021-07-28,7,135575,52,5,14,26,7,11,23,2,5,0,8,0,26960
2021-07-29,11,135586,58,5,13,31,9,14,28,5,5,0,10,0,26960
2021-07-30,4,135590,58,5,15,27,11,16,25,7,5,1,11,0,26960
2021-07-31,5,135595,54,3,14,25,12,17,22,5,7,1,12,2,26962
2021-08-01,4,135599,48,4,8,25,11,16,23,6,5,1,11,1,26963
2021-08-02,9,135608,57,9,11,25,12,14,25,5,6,1,12,1,26964
2021-08-03,3,135611,51,5,10,25,11,16,23,4,7,1,11,0,26964
2021-08-04,12,135623,55,5,11,28,11,17,25,3,8,1,11,0,26964
2021-08-05,3,135626,55,8,9,27,11,16,22,3,8,1,11,1,26965
2021-08-06,9,135635,56,4,13,28,11,14,23,3,8,1,11,2,26967
2021-08-07,6,135641,56,5,14,27,10,12,24,4,6,0,10,0,26967
2021-08-08,2,135643,55,6,15,21,13,15,19,7,6,0,13,0,26967
2021-08-09,7,135650,64,9,14,26,15,17,23,8,6,0,15,1,26968
2021-08-10,7,135657,58,6,16,21,15,16,19,8,7,0,15,0,26968
2021-08-11,7,135664,61,7,18,18,18,18,16,9,8,0,18,1,26969
2021-08-12,5,135669,61,4,16,25,16,18,21,8,7,0,16,0,26969
2021-08-13,6,135675,54,4,11,24,15,17,17,8,7,0,15,0,26969
2021-08-14,9,135684,57,5,10,26,16,18,20,9,7,0,16,0,26969
2021-08-15,5,135689,58,6,12,25,15,15,19,8,7,0,15,2,26971
2021-08-16,10,135699,69,9,13,31,16,17,26,10,6,0,16,2,26973
2021-08-17,7,135706,69,4,21,28,16,17,24,9,5,0,16,1,26974
2021-08-18,9,135715,72,5,20,33,14,16,28,9,5,1,14,2,26976
2021-08-19,10,135725,69,4,15,36,14,17,31,9,4,1,14,0,26976
2021-08-20,10,135735,71,6,17,35,13,17,26,9,4,1,13,1,26977
2021-08-21,6,135741,60,4,13,32,11,15,25,8,3,0,11,0,26977
2021-08-22,6,135747,65,4,17,33,11,16,27,7,4,0,11,0,26977
2021-08-23,8,135755,69,7,19,31,12,17,26,8,4,0,12,0,26977
2021-08-24,11,135766,68,6,20,31,11,15,22,8,3,0,11,1,26978
2021-08-25,10,135776,71,6,22,29,14,18,21,11,3,0,14,2,26980
2021-08-26,7,135783,69,5,26,26,12,16,18,10,2,0,12,0,26980
2021-08-27,7,135790,62,9,21,22,10,14,17,8,2,0,10,1,26981
2021-08-28,5,135795,56,6,17,23,10,13,18,7,2,0,10,2,26983
2021-08-29,3,135798,54,6,18,22,8,9,15,6,2,0,8,1,26984
2021-08-30,4,135802,60,8,21,22,9,10,18,6,3,0,9,0,26984
2021-08-31,9,135811,55,3,17,29,6,10,25,2,4,0,6,0,26984
2021-09-01,15,135826,62,8,17,28,9,12,23,4,4,0,9,0,26984
2021-09-02,10,135836,64,5,22,26,11,13,22,7,4,0,11,2,26986
2021-09-03,14,135850,63,5,25,22,11,14,18,8,3,0,11,0,26986
2021-09-04,7,135857,60,6,20,26,8,16,23,6,2,0,8,0,26986
2021-09-05,10,135867,68,4,23,34,7,16,28,5,2,0,7,0,26986
2021-09-06,17,135884,91,7,27,45,12,23,38,8,3,2,12,0,26986
2021-09-07,13,135897,96,4,27,49,16,26,41,12,3,2,16,2,26988
2021-09-08,15,135912,101,4,26,56,15,24,45,10,4,1,15,1,26989
2021-09-09,16,135928,112,8,31,58,15,22,46,11,4,1,15,0,26989
2021-09-10,13,135941,116,6,39,56,15,24,51,11,4,1,15,0,26989
2021-09-11,12,135953,114,5,31,61,17,27,54,11,6,1,17,0,26989
2021-09-12,17,135970,126,7,28,71,20,31,63,12,8,1,20,2,26991
2021-09-13,29,135999,156,10,50,74,22,35,67,11,10,1,22,0,26991
2021-09-14,25,136024,162,11,44,81,26,41,73,14,12,1,26,3,26994
2021-09-15,17,136041,167,8,55,74,30,38,64,16,12,2,30,3,26997
2021-09-16,19,136060,165,12,49,72,32,43,62,18,14,2,32,0,26997
2021-09-17,31,136091,180,20,58,68,34,45,57,20,14,1,34,2,26999
2021-09-18,9,136100,158,16,40,71,31,42,60,16,16,1,32,3,27002
2021-09-19,14,136114,161,17,42,74,28,39,64,13,14,1,28,2,27004
2021-09-20,23,136137,180,17,58,75,30,41,64,11,16,2,30,4,27008
2021-09-21,19,136156,176,22,47,79,28,39,66,11,15,2,28,2,27010
2021-09-22,17,136173,178,18,49,84,27,37,64,10,15,2,27,2,27012
2021-09-23,21,136194,180,21,52,79,28,38,64,10,17,1,28,3,27015
2021-09-24,27,136221,186,23,40,92,31,42,76,13,17,2,31,0,27015
2021-09-25,20,136241,187,20,34,98,35,46,79,16,19,2,35,2,27017
2021-09-26,16,136257,196,22,40,102,32,45,81,13,20,1,32,0,27017
2021-09-27,34,136291,228,26,45,119,38,49,96,14,23,1,38,0,27017
2021-09-28,16,136307,225,24,50,109,42,53,96,15,27,1,42,3,27020
2021-09-29,36,136343,252,29,57,127,39,51,110,12,26,1,39,5,27025
2021-09-30,31,136374,249,40,51,121,37,50,104,12,24,1,37,1,27026
2021-10-01,29,136403,240,33,59,118,30,45,99,6,24,1,30,1,27027
2021-10-02,27,136430,229,13,63,118,35,43,101,10,23,2,35,1,27028
2021-10-03,25,136455,242,14,64,129,35,50,106,9,23,3,35,4,27032
2021-10-04,53,136508,294,32,71,150,41,56,120,14,26,2,41,4,27036
2021-10-05,40,136548,296,20,64,160,52,70,134,23,27,2,52,2,27038
2021-10-06,53,136601,319,28,74,149,68,84,122,40,26,2,68,4,27042
2021-10-07,39,136640,311,23,77,150,61,74,126,31,26,2,61,3,27045
2021-10-08,51,136691,337,27,88,159,63,77,130,32,27,4,63,4,27049
2021-10-09,30,136721,328,24,78,169,57,76,144,27,27,3,57,3,27052
2021-10-10,34,136755,345,22,83,180,60,76,154,29,26,3,60,4,27056
2021-10-11,80,136835,420,31,111,201,77,98,166,37,35,3,77,5,27061
2021-10-12,62,136897,438,34,106,211,87,111,178,41,41,3,87,6,27067
2021-10-13,63,136960,463,29,122,224,88,112,188,44,40,2,88,6,27073
2021-10-14,57,137017,487,29,137,226,95,114,189,48,41,2,95,6,27079
2021-10-15,82,137099,516,43,138,243,92,113,210,43,46,2,92,10,27089
2021-10-16,70,137169,508,26,151,245,86,109,201,36,46,2,86,8,27097
2021-10-17,50,137219,532,32,151,257,92,113,206,39,48,3,92,11,27108
2021-10-18,133,137352,653,48,208,292,105,130,244,44,53,3,105,11,27119
2021-10-19,142,137494,716,58,229,319,110,143,269,53,53,4,110,9,27128
2021-10-20,117,137611,785,64,248,358,115,136,312,52,58,5,115,7,27135
2021-10-21,122,137733,828,65,249,391,123,140,345,54,63,4,123,10,27145
2021-10-22,157,137890,904,66,283,428,127,149,381,60,60,4,127,11,27156
2021-10-23,111,138001,915,69,262,452,132,149,399,64,62,4,133,13,27169
2021-10-24,108,138109,975,71,279,476,149,160,418,74,69,4,150,18,27187
2021-10-25,214,138323,1153,103,388,493,169,169,431,70,80,5,169,20,27207
2021-10-26,258,138581,1268,129,409,552,178,192,481,82,84,3,180,15,27222
2021-10-27,229,138810,1365,108,454,619,184,208,535,88,84,4,185,21,27243
2021-10-28,165,138975,1360,91,461,619,189,202,549,94,79,4,190,26,27269
2021-10-29,258,139233,1529,136,516,681,196,230,599,100,92,4,197,21,27290
2021-10-30,185,139418,1543,110,503,713,217,235,632,109,98,6,218,20,27310
2021-10-31,199,139617,1670,122,525,771,252,260,692,128,115,5,253,24,27334
2021-11-01,351,139968,1982,162,641,899,280,301,789,137,130,8,280,24,27358
2021-11-02,248,140216,2058,160,644,966,288,296,843,145,127,8,288,17,27375
